model,accuracy_mean,accuracy_std,precision_macro_mean,precision_macro_std,recall_macro_mean,recall_macro_std,f1_macro_mean,f1_macro_std,precision_weighted_mean,precision_weighted_std,recall_weighted_mean,recall_weighted_std,f1_weighted_mean,f1_weighted_std,n_folds,n_samples_total,accuracy_mean_pm_std,precision_macro_mean_pm_std,recall_macro_mean_pm_std,f1_macro_mean_pm_std,precision_weighted_mean_pm_std,recall_weighted_mean_pm_std,f1_weighted_mean_pm_std
ELM,0.7378306878306878,0.07955444780079238,0.6322751322751323,0.07556331983656299,0.6455555555555555,0.09144754956250965,0.6227698554169143,0.08046339951658056,0.7159456622155036,0.08201525403139616,0.7378306878306878,0.07955444780079238,0.7118646330586106,0.0783926639298912,5,137,0.7378 ± 0.0796,0.6323 ± 0.0756,0.6456 ± 0.0914,0.6228 ± 0.0805,0.7159 ± 0.0820,0.7378 ± 0.0796,0.7119 ± 0.0784
Ensemble,0.7886243386243386,0.05204652474412931,0.686494708994709,0.04243307075486274,0.7027777777777777,0.06792788478131931,0.6802674504145092,0.057138836096611516,0.7743878600823045,0.05490236062352037,0.7886243386243386,0.05204652474412931,0.7674210638239582,0.05235999899710352,5,137,0.7886 ± 0.0520,0.6865 ± 0.0424,0.7028 ± 0.0679,0.6803 ± 0.0571,0.7744 ± 0.0549,0.7886 ± 0.0520,0.7674 ± 0.0524
GradientBoosting,0.758994708994709,0.04158154570612612,0.6775132275132275,0.0880056685130804,0.6763492063492064,0.05546875304960264,0.6568583595054183,0.05851813158866815,0.762226631393298,0.08824131366894537,0.758994708994709,0.04158154570612612,0.7431676643721461,0.04850324136784371,5,137,0.7590 ± 0.0416,0.6775 ± 0.0880,0.6763 ± 0.0555,0.6569 ± 0.0585,0.7622 ± 0.0882,0.7590 ± 0.0416,0.7432 ± 0.0485
MLP,0.788888888888889,0.07660888749179927,0.6766798941798942,0.07747520601702905,0.7019444444444444,0.08656689413681089,0.6767746795687973,0.0839281731625999,0.761710023515579,0.08271143261946978,0.788888888888889,0.07660888749179927,0.7628768140252734,0.0822835600824809,5,137,0.7889 ± 0.0766,0.6767 ± 0.0775,0.7019 ± 0.0866,0.6768 ± 0.0839,0.7617 ± 0.0827,0.7889 ± 0.0766,0.7629 ± 0.0823
RandomForest,0.7812169312169311,0.07573025687596982,0.6525589225589226,0.08390235383686909,0.6861111111111111,0.09724206146785716,0.6541725594666771,0.09670330024938485,0.739341496980386,0.08297332077809952,0.7812169312169311,0.07573025687596982,0.7457656205450323,0.08602135905337568,5,137,0.7812 ± 0.0757,0.6526 ± 0.0839,0.6861 ± 0.0972,0.6542 ± 0.0967,0.7393 ± 0.0830,0.7812 ± 0.0757,0.7458 ± 0.0860
